Date,Eyinos,Marathonas,Mornos,Yliki,Total
1985-10-05,0,26280218,493750000,439164000,959194218
1986-10-05,0,20702176,429960000,384920000,835582176
1987-10-05,0,16126480,314124000,440648000,770898480
1988-10-05,0,5899925,274200000,325362000,605461925
1989-10-05,0,21721210,215680000,204725000,442126210
1990-10-05,0,21151720,86536000,34770000,142457720
1991-10-05,0,25105240,189230000,87056000,301391240
1992-10-05,0,24570408,111870000,37715000,174155408
1993-10-05,0,22435071,92580000,3278000,118293071
1994-10-05,0,21416552,208520000,24090000,254026552
1995-10-05,0,19800575,343884000,52200000,415884575
1996-10-05,0,28232786,475208000,175415000,678855786
1997-10-05,0,19836885,559792000,245740000,825368885
1998-10-05,0,24345963,533740000,279030000,837115963
1999-10-05,0,12903264,594325000,395566000,1002794264
2000-10-05,0,14319804,473080000,320898000,808297804
2001-10-05,0,28078104,207674000,153748000,389500104
2002-10-05,83287595,26046985,182120000,206029000,497483580
2003-10-05,23612604,21568602,505268000,492325000,1042774206
2004-10-05,60143262,22610604,514845000,456094000,1053692866
2005-10-05,32348482,23082210,587645000,419155000,1062230692
2006-10-05,40408050,23739613,616538000,457189000,1137874663
2007-10-05,67522368,23860159,302074000,401536000,794992527
2008-10-05,44829370,26600136,181064000,227137000,479630506
2009-10-05,44899000,25375000,384462000,194945000,649681000
2010-10-05,60106000,20572000,560440000,247440000,888558000
2011-10-05,70717000,22728000,505425000,374832000,973702000
2012-10-05,67522000,23201000,504169000,396561000,991453000
2013-10-05,75205000,22552000,596162000,426330000,1120074000
2014-10-05,70773000,27421000,522765000,394173000,1015132000
2015-10-05,67549000,27705000,605810000,466387000,1167451000
2016-10-05,74564000,27836000,565751000,386666000,1054817000
2017-10-05,59548000,26944000,487261000,348232000,921985000
2018-10-05,22520000,28410000,621319000,378518000,1050767000
2019-10-05,109053000,25920000,541512000,508647000,1185132000
2020-10-05,64697000,26579000,475124000,505923000,1072323000
2021-10-05,47503000,26365000,507211000,436196000,1017275000
2022-10-05,27206000,25521000,612360000,417310000,1082397000
2023-10-05,38643000,24734000,514044000,351255000,928676000
2024-10-05,40433000,26026000,303145000,262287000,631891000
2025-10-05,46545000,18638000,171651000,162395000,399229000
2026-10-05,48618000,24673000,375667000,128258000,577216000
